Unnamed: 0,pdb_id,exp_pdb_file,af3_dir,n_predictions,n_hits_within_5A,best_min_atom_distance_A,median_min_atom_distance_A,best_center_distance_A,mean_pocket_jaccard
0,7RM5,/home/alexhernandez/p2rank/ivanfiles/7RM5.pdb,/home/alexhernandez/alphafold3/af3_outputs/7RM...,5,4.0,0.263982,1.292861,2.688534,0.0
1,7SK3,/home/alexhernandez/p2rank/ivanfiles/7SK3.pdb,/home/alexhernandez/alphafold3/af3_outputs/7SK...,5,4.0,0.273567,0.719485,3.372576,0.0
2,6W5V,/home/alexhernandez/p2rank/ivanfiles/6W5V.pdb,/home/alexhernandez/alphafold3/af3_outputs/6W5...,5,4.0,3.964349,4.520376,8.885321,0.0
3,6NBH,/home/alexhernandez/p2rank/ivanfiles/6NBH.pdb,/home/alexhernandez/alphafold3/af3_outputs/6NB...,5,3.0,1.798966,4.431858,11.978825,0.0
4,5WB2,/home/alexhernandez/p2rank/ivanfiles/5WB2.pdb,/home/alexhernandez/alphafold3/af3_outputs/5WB...,5,2.0,0.304918,16.520275,11.031032,0.008696
5,6AWQ,/home/alexhernandez/p2rank/ivanfiles/6AWQ.pdb,/home/alexhernandez/alphafold3/af3_outputs/6AW...,5,2.0,0.531335,17.148424,5.61645,0.0
6,6AWO,/home/alexhernandez/p2rank/ivanfiles/6AWO.pdb,/home/alexhernandez/alphafold3/af3_outputs/6AW...,5,2.0,0.531658,17.147909,5.616538,0.0
7,9DXS,/home/alexhernandez/p2rank/ivanfiles/9DXS.pdb,/home/alexhernandez/alphafold3/af3_outputs/9DX...,5,2.0,3.986763,11.414578,8.710688,0.0
8,7A6E,/home/alexhernandez/p2rank/ivanfiles/7A6E.pdb,/home/alexhernandez/alphafold3/af3_outputs/7A6...,5,1.0,0.31955,9.359483,2.857673,0.0
9,7DDK,/home/alexhernandez/p2rank/ivanfiles/7DDK.pdb,/home/alexhernandez/alphafold3/af3_outputs/7DD...,5,1.0,0.345029,18.698109,6.448348,0.0
10,6AWN,/home/alexhernandez/p2rank/ivanfiles/6AWN.pdb,/home/alexhernandez/alphafold3/af3_outputs/6AW...,5,1.0,0.356686,14.410943,4.083128,0.0
11,7DDF,/home/alexhernandez/p2rank/ivanfiles/7DDF.pdb,/home/alexhernandez/alphafold3/af3_outputs/7DD...,5,1.0,0.361973,18.646862,6.278807,0.0
12,7WYS,/home/alexhernandez/p2rank/ivanfiles/7WYS.pdb,/home/alexhernandez/alphafold3/af3_outputs/7WY...,5,1.0,0.490677,18.767855,6.459622,0.0
13,8KDF,/home/alexhernandez/p2rank/ivanfiles/8KDF.pdb,/home/alexhernandez/alphafold3/af3_outputs/8KD...,5,1.0,0.505988,11.146589,6.534391,0.0
14,7A6F,/home/alexhernandez/p2rank/ivanfiles/7A6F.pdb,/home/alexhernandez/alphafold3/af3_outputs/7A6...,5,1.0,0.532448,12.628093,3.502348,0.0
15,6QEX,/home/alexhernandez/p2rank/ivanfiles/6QEX.pdb,/home/alexhernandez/alphafold3/af3_outputs/6QE...,5,1.0,0.571657,10.156702,6.951368,0.0
16,7A6C,/home/alexhernandez/p2rank/ivanfiles/7A6C.pdb,/home/alexhernandez/alphafold3/af3_outputs/7A6...,5,1.0,0.583818,12.014541,2.787635,0.0
17,6VUM,/home/alexhernandez/p2rank/ivanfiles/6VUM.pdb,/home/alexhernandez/alphafold3/af3_outputs/6VU...,5,1.0,0.6843,8.216975,11.374356,0.011111
18,7CA3,/home/alexhernandez/p2rank/ivanfiles/7CA3.pdb,/home/alexhernandez/alphafold3/af3_outputs/7CA...,5,1.0,0.74066,15.056956,5.59947,0.0
19,7D92,/home/alexhernandez/p2rank/ivanfiles/7D92.pdb,/home/alexhernandez/alphafold3/af3_outputs/7D9...,5,1.0,0.785655,17.563968,6.571751,0.0
20,8JD1,/home/alexhernandez/p2rank/ivanfiles/8JD1.pdb,/home/alexhernandez/alphafold3/af3_outputs/8JD...,5,1.0,1.005873,15.053308,13.897049,0.0
21,5SY1,/home/alexhernandez/p2rank/ivanfiles/5SY1.pdb,/home/alexhernandez/alphafold3/af3_outputs/5SY...,5,1.0,1.762226,17.569715,6.087161,0.006667
22,7CUM,/home/alexhernandez/p2rank/ivanfiles/7CUM.pdb,/home/alexhernandez/alphafold3/af3_outputs/7CU...,5,1.0,2.097631,26.699899,13.455274,0.0
23,8JD5,/home/alexhernandez/p2rank/ivanfiles/8JD5.pdb,/home/alexhernandez/alphafold3/af3_outputs/8JD...,5,1.0,2.961002,14.919952,12.115977,0.0
24,7RR9,/home/alexhernandez/p2rank/ivanfiles/7RR9.pdb,/home/alexhernandez/alphafold3/af3_outputs/7RR...,5,1.0,3.305366,17.357208,7.841601,0.0
25,7N4V,/home/alexhernandez/p2rank/ivanfiles/7N4V.pdb,/home/alexhernandez/alphafold3/af3_outputs/7N4...,5,1.0,3.324044,12.067003,5.671083,0.0
26,9B37,/home/alexhernandez/p2rank/ivanfiles/9B37.pdb,/home/alexhernandez/alphafold3/af3_outputs/9B3...,5,1.0,4.361344,24.076946,14.769023,0.0
27,7KY5,/home/alexhernandez/p2rank/ivanfiles/7KY5.pdb,/home/alexhernandez/alphafold3/af3_outputs/7KY...,5,1.0,4.363549,11.144493,13.779926,0.0
28,7NIW,/home/alexhernandez/p2rank/ivanfiles/7NIW.pdb,/home/alexhernandez/alphafold3/af3_outputs/7NI...,5,1.0,4.459249,10.988267,15.997835,0.0
29,6L47,/home/alexhernandez/p2rank/ivanfiles/6L47.pdb,/home/alexhernandez/alphafold3/af3_outputs/6L4...,5,0.0,5.075682,14.064576,10.692335,0.0
30,7A65,/home/alexhernandez/p2rank/ivanfiles/7A65.pdb,/home/alexhernandez/alphafold3/af3_outputs/7A6...,5,0.0,5.099685,10.894708,11.498269,0.0
31,9II3,/home/alexhernandez/p2rank/ivanfiles/9II3.pdb,/home/alexhernandez/alphafold3/af3_outputs/9II...,5,0.0,5.202083,12.309571,12.669965,0.0
32,9DMT,/home/alexhernandez/p2rank/ivanfiles/9DMT.pdb,/home/alexhernandez/alphafold3/af3_outputs/9DM...,5,0.0,6.815987,18.019192,15.385995,0.014286
33,9B36,/home/alexhernandez/p2rank/ivanfiles/9B36.pdb,/home/alexhernandez/alphafold3/af3_outputs/9B3...,5,0.0,7.146935,25.699157,17.49082,0.0
34,7D94,/home/alexhernandez/p2rank/ivanfiles/7D94.pdb,/home/alexhernandez/alphafold3/af3_outputs/7D9...,5,0.0,7.647599,24.339131,15.416251,0.0
35,7DDI,/home/alexhernandez/p2rank/ivanfiles/7DDI.pdb,/home/alexhernandez/alphafold3/af3_outputs/7DD...,5,0.0,8.147689,24.485824,15.922872,0.0
36,7D93,/home/alexhernandez/p2rank/ivanfiles/7D93.pdb,/home/alexhernandez/alphafold3/af3_outputs/7D9...,5,0.0,8.340283,24.516909,15.61469,0.0
37,8V81,/home/alexhernandez/p2rank/ivanfiles/8V81.pdb,/home/alexhernandez/alphafold3/af3_outputs/8V8...,5,0.0,9.005151,25.217938,14.282191,0.0
38,9AXF,/home/alexhernandez/p2rank/ivanfiles/9AXF.pdb,/home/alexhernandez/alphafold3/af3_outputs/9AX...,5,0.0,9.146258,23.27213,19.600346,0.0
39,6JXK,/home/alexhernandez/p2rank/ivanfiles/6JXK.pdb,/home/alexhernandez/alphafold3/af3_outputs/6JX...,5,0.0,9.364269,25.680251,16.281322,0.0
40,8KDH,/home/alexhernandez/p2rank/ivanfiles/8KDH.pdb,/home/alexhernandez/alphafold3/af3_outputs/8KD...,5,0.0,9.470393,25.156134,15.877454,0.0
41,7QTV,/home/alexhernandez/p2rank/ivanfiles/7QTV.pdb,/home/alexhernandez/alphafold3/af3_outputs/7QT...,5,0.0,9.765667,31.559533,15.34782,0.0
42,7KYA,/home/alexhernandez/p2rank/ivanfiles/7KYA.pdb,/home/alexhernandez/alphafold3/af3_outputs/7KY...,5,0.0,11.202504,19.319852,27.358716,0.0
43,8DPG,/home/alexhernandez/p2rank/ivanfiles/8DPG.pdb,/home/alexhernandez/alphafold3/af3_outputs/8DP...,5,0.0,11.340901,19.682133,25.058312,0.0
44,5OQT,/home/alexhernandez/p2rank/ivanfiles/5OQT.pdb,/home/alexhernandez/alphafold3/af3_outputs/5OQ...,5,0.0,16.528027,38.794629,22.952895,0.033529
45,9DMG,/home/alexhernandez/p2rank/ivanfiles/9DMG.pdb,/home/alexhernandez/alphafold3/af3_outputs/9DM...,5,0.0,16.762655,19.571317,28.758987,0.0
46,4HQJ,/home/alexhernandez/p2rank/ivanfiles/4HQJ.pdb,/home/alexhernandez/alphafold3/af3_outputs/4HQJ,5,0.0,18.261631,19.623899,24.698564,0.0
47,6V35,/home/alexhernandez/p2rank/ivanfiles/6V35.pdb,/home/alexhernandez/alphafold3/af3_outputs/6V3...,5,0.0,19.162473,24.240695,30.891146,0.0
48,4RET,/home/alexhernandez/p2rank/ivanfiles/4RET.pdb,/home/alexhernandez/alphafold3/af3_outputs/4RET,5,0.0,21.655555,24.095753,28.372236,0.0
49,7KY8,/home/alexhernandez/p2rank/ivanfiles/7KY8.pdb,/home/alexhernandez/alphafold3/af3_outputs/7KY...,5,0.0,31.123786,35.657849,44.0771,0.0
50,9C3E,/home/alexhernandez/p2rank/ivanfiles/9C3E.pdb,/home/alexhernandez/alphafold3/af3_outputs/9C3...,5,0.0,48.130344,50.029984,57.468094,0.0
51,8SZI,/home/alexhernandez/p2rank/ivanfiles/8SZI.pdb,/home/alexhernandez/alphafold3/af3_outputs/8SZ...,5,0.0,49.678624,65.368551,62.407587,0.0
52,7WYY,/home/alexhernandez/p2rank/ivanfiles/7WYY.pdb,/home/alexhernandez/alphafold3/af3_outputs/7WY...,5,0.0,56.40873,74.856015,70.506434,0.0
53,7Y46,/home/alexhernandez/p2rank/ivanfiles/7Y46.pdb,/home/alexhernandez/alphafold3/af3_outputs/7Y4...,5,0.0,57.289705,75.516975,70.986257,0.0
54,8SZG,/home/alexhernandez/p2rank/ivanfiles/8SZG.pdb,/home/alexhernandez/alphafold3/af3_outputs/8SZ...,5,0.0,76.376562,91.44796,92.124348,0.0
