folder_name,centroid_distance,within_5A
9DMT_CLRD502_with_C,2.448012701479792,True
9DMT_CLRE501_with_A,33.88265612110661,False
7WYY_CLRC1105_with_D,23.38986163543449,False
7WYS_CLRE101_with_A,23.60022715141164,False
5SY1_CLRB701_with_A,1.8392909339523995,True
7Y46_CLRA2108_with_B,24.893149129109958,False
7DDK_CLRE101_with_A,22.41822870720149,False
7Y46_CLRD401_with_B,12.193658997246146,False
4HQJ_CLRC1107_with_E,27.548050507129904,False
9B37_CLRA1006_with_D,49.0281046831781,False
4RET_CLRA1104_with_B,29.852115292101512,False
9AXF_CLRQ1013_with_R,6.458395560614082,False
4RET_CLRA1104_with_H,29.860326327683783,False
6VUM_CLRC704_with_D,10.056214625174658,False
7WYY_CLRE1301_with_C,24.00536740313219,False
7D94_CLRA1105_with_C,29.79195620723917,False
9DXS_CLRA1005_with_D,52.416140948805705,False
6L47_CLRB1002_with_A,18.508503287640806,False
4RET_CLRC2006_with_E,29.80342628624785,False
7WYS_CLRG101_with_A,23.375183372868538,False
4RET_CLRG1001_with_H,18.931353037248627,False
7DDF_CLRE101_with_G,9.987203432788164,False 
9DXS_CLRA1007_with_C,17.02820679879003,False
7D93_CLRA1104_with_C,21.728618213902223,False
9B37_CLRC1007_with_B,54.84562622995027,False
6JXK_CLRF307_with_E,58.23604502496034,False
7DDK_CLRG101_with_A,23.191764011229317,False
8KDF_CLRB602_with_A,23.51420519505257,False
7CUM_CLRA1007_with_B,13.653150326779873,False
7WYS_CLRA1110_with_D,22.34647088262536,False
8JD5_CLR2907_with_4,73.3875822514249,False
5OQT_CLRC101_with_A,34.10942268131588,False
7WYS_CLRA1110_with_C,22.22068969138513,False
6V35_CLRE2305_with_A,5.7697986489699975,False
7D94_CLRE101_with_C,22.930200656118835,False
7DDF_CLRA1104_with_C,23.76264979638183,False
9B36_CLRA1006_with_D,123.42528525571944,False
7DDK_CLRD501_with_C,22.790043436511624,False
7D92_CLRG101_with_A,23.12350423514857,False
7DDK_CLRC1104_with_D,22.908686292037,False
7QTV_CLRG101_with_E,18.822307281342507,False
8KDH_CLRB602_with_A,22.92363302172746,False
7D93_CLRE101_with_C,21.938296745978644,False
7Y46_CLRC2106_with_D,23.147914270288588,False
8JD5_CLR41005_with_2,8.383654452663071,False
9B36_CLRC1007_with_B,144.9101852943032,False
7CUM_CLRA1005_with_B,12.905627068581987,False
6V35_CLRF2306_with_B,5.887099488946574,False
7DDI_CLRG101_with_E,14.769302089587113,False
7Y46_CLRA2106_with_C,31.012560447227173,False
8JD1_CLR31006_with_2,18.7214443464226,False
7QTV_CLRA1103_with_B,31.496541713205144,False
9B36_CLRC1009_with_D,60.1794970014146,False
7DDK_CLRA1104_with_C,22.173492459078677,False
7DDI_CLRG101_with_A,30.28941340563606,False
9B37_CLRB1007_with_C,137.4068137216067,False
9DXS_CLRD1005_with_C,49.98321352111756,False
7D93_CLRE101_with_G,11.678103139711288,False
6VUM_CLRA702_with_C,16.579342889619628,False
7WYS_CLRB402_with_A,23.25043393576758,False
4RET_CLRC2004_with_A,29.865856140250955,False
7QTV_CLRG101_with_A,31.00018156374353,False
9B37_CLRC1010_with_D,50.3841737228588,False
8JD5_CLR2903_with_4,8.588605306978309,False
9B36_CLRC1008_with_A,126.75722611850831,False
7CUM_CLRB912_with_A,13.764574014651538,False
4HQJ_CLRA1108_with_B,18.71850045407917,False
7DDF_CLRC1104_with_D,22.875660297437307,False
7CUM_CLRA1003_with_B,13.682783195857253,False
7WYS_CLRD403_with_C,24.230492197080803,False
7DDI_CLRE101_with_A,31.566899426968757,False
4RET_CLRG1001_with_A,30.07501790191864,False
7D94_CLRE101_with_G,12.715208668178388,False
7CUM_CLRB904_with_A,14.520631358568869,False
9B36_CLRA1008_with_B,51.199606476516166,False
7QTV_CLRC1102_with_D,31.24907427556468,False
7QTV_CLRE101_with_A,31.404158756779054,False
5SY1_CLRA701_with_B,22.808465319647496,False
7WYY_CLRB502_with_D,2.941670798207333,True
9AXF_CLRQ1015_with_R,97.19851862381124,False
9DXS_CLRC1007_with_D,50.0267472771812,False
8JD1_CLR31004_with_2,19.20629084228743,False
7WYS_CLRG101_with_E,22.79433258772947,False
7WYY_CLRB501_with_A,23.97283744834385,False
9DMG_CLRC501_with_D,4.164036278022659,True
7DDK_CLRG101_with_E,12.639519621303196,False
9C3E_CLRY201_with_G,12.266105433831772,False
9B37_CLRC1009_with_D,52.62158095447375,False
7DDF_CLRE101_with_C,23.5552405259952,False
9B37_CLRA1008_with_B,60.40999394634609,False
7WYY_CLRE1301_with_G,13.100114889370516,False
9B37_CLRB1007_with_D,141.97000004922467,False
7WYY_CLRA1105_with_C,23.992432713946297,False
9C3E_CLRG202_with_Y,3.797754477631787,True
8JD5_CLR41001_with_2,8.469404929994427,False
7KYA_CLRA1705_with_B,31.91641705582653,False
7D94_CLRC1105_with_D,24.236121387556462,False
7CA3_CLRA1001_with_B,12.12512336813894,False
7Y46_CLRC2105_with_E,32.773761540100324,False
6VUM_CLRB703_with_A,19.44560044556576,False
7DDF_CLRB501_with_A,21.772271813313225,False
7CUM_CLRB906_with_A,12.046975528963026,False
9AXF_CLRR1016_with_Q,5.713008800855106,False
6JXK_CLRA1103_with_B,25.54966492455961,False
9II3_CLRR902_with_B,26.70999555146444,False
9AXF_CLRR1015_with_Q,6.004718333774844,False
9B36_CLRB1006_with_D,51.431861148608,False
4RET_CLRC2004_with_D,29.668044063078213,False
9B37_CLRA1006_with_B,60.179522260807225,False
7CUM_CLRB905_with_A,13.60746339640312,False
9B36_CLRA1009_with_B,59.85999762001992,False
7DDF_CLRG101_with_A,22.75696413732451,False
9DXS_CLRA1008_with_B,51.29197698799312,False
7D92_CLRA1104_with_B,21.52810087015542,False
7DDK_CLRE101_with_G,11.719398852194216,False
7WYS_CLRE101_with_G,12.60391067450468,False
4HQJ_CLRD400_with_C,33.31363235320284,False
7DDF_CLRA1104_with_B,21.257195682398244,False
7QTV_CLRC1102_with_A,31.49622981213629,False
9DXS_CLRB1005_with_C,55.374861708593485,False
9DMG_CLRD502_with_C,44.78379240936251,False
9DMG_CLRE501_with_A,7.451613654966507,False
4HQJ_CLRC1108_with_D,18.53577532180218,False
6VUM_CLRA704_with_B,18.19925900354918,False
9B36_CLRC1008_with_D,151.22587210777823,False
9II3_CLRB902_with_R,26.60899843394345,False
7DDF_CLRE101_with_A,21.990519773770394,False
8JD1_CLR31007_with_2,18.44041704861082,False
7DDF_CLRC1104_with_A,22.423700818319773,False
6V35_CLRG2305_with_C,4.1295176111290886,True
7CUM_CLRB907_with_A,74.66656250393443,False
7DDI_CLRC1104_with_A,30.018790234337185,False
7DDI_CLRE101_with_C,31.76359631267437,False
4RET_CLRG1001_with_C,45.617954697796094,False
9DMG_CLRE502_with_D,20.14882330384507,False
9DMG_CLRB502_with_C,28.488496360590048,False
9C3E_CLRY201_with_B,48.54856654983599,False
7D93_CLRA1104_with_B,29.71562728841153,False
8SZI_CLRB1401_with_A,22.288384537747135,False
9DXS_CLRA1007_with_B,50.04543054445543,False
9B37_CLRC1009_with_A,92.16567849236762,False
7QTV_CLRE101_with_C,31.531779702956467,False
9DXS_CLRC1007_with_A,17.04237609439797,False
9B37_CLRA1009_with_B,51.516955079614085,False
6VUM_CLRC702_with_A,16.797856483875243,False
7D93_CLRG101_with_E,11.286008084730268,False
7WYY_CLRD501_with_C,25.26415655823468,False
9B36_CLRA1006_with_B,56.46100828738878,False
7D94_CLRC1105_with_A,23.530764107329997,False
7WYY_CLRG1301_with_A,23.79706369293405,False
7WYS_CLRC1104_with_A,22.303899157913857,False
4HQJ_CLRA1107_with_G,28.467078726409092,False
8JD1_CLR31008_with_2,19.296038063098653,False
8SZG_CLRB1401_with_A,128.24631719137693,False
6VUM_CLRD703_with_C,20.493733583638605,False
4RET_CLRA1104_with_C,29.99249393560191,False
7DDF_CLRD501_with_C,23.006706366357747,False
9C3E_CLRG202_with_B,9.911196287252697,False
7D94_CLRA1105_with_B,30.06645955761938,False
7D94_CLRG101_with_E,13.934811944800376,False
9B36_CLRB1006_with_C,117.72288294895212,False
7Y46_CLRB401_with_D,12.537282521764809,False
7CUM_CLRA1006_with_B,12.400456395594594,False
7Y46_CLRC2108_with_D,33.14394211501273,False
7D92_CLRB501_with_A,21.73823461479878,False
9B37_CLRA1008_with_C,57.82894081970733,False
7D93_CLRE101_with_A,29.909438857309663,False
7CA3_CLRB901_with_A,11.78442776669571,False
8JD5_CLR2906_with_4,8.82136489654654,False
7WYY_CLRA1105_with_B,23.400471212520184,False
7D94_CLRG101_with_A,29.99452656498732,False
7Y46_CLRA2105_with_G,28.20593100112149,False
7WYY_CLRC1105_with_A,24.06308941722335,False
9DXS_CLRC1005_with_B,49.8586973319777,False
8KDH_CLRB601_with_A,22.94004156266277,False
7WYY_CLRG1301_with_E,8.815795241301647,False
7D93_CLRG101_with_A,31.336010736167324,False
7DDI_CLRA1111_with_D,31.39920326844557,False
7QTV_CLRE101_with_G,16.815501274653393,False
9B37_CLRA1007_with_D,91.65699018753044,False
8JD1_CLR31003_with_2,18.60634318609135,False
6V35_CLRH2306_with_D,5.4282736327599865,False
7D94_CLRE101_with_A,29.59366499214932,False
7D93_CLRA1111_with_D,29.99820464765456,False
7DDI_CLRE101_with_G,15.894516282460216,False
9DMT_CLRD503_with_C,1.0463807533116134,True
7DDK_CLRG101_with_C,43.62933652637942,False
7D93_CLRD501_with_C,22.08417588111159,False
9C3E_CLRY201_with_A,44.30475546289709,False
7D93_CLRA1111_with_C,29.76368854215079,False
4RET_CLRC2006_with_G,41.3225035936684,False
7WYS_CLRG101_with_C,33.25806014035626,False
7DDK_CLRB501_with_A,23.224922620779303,False
7WYY_CLRD502_with_B,42.34187425744258,False
7DDI_CLRC1104_with_B,30.271840540196077,False
8KDF_CLRB601_with_A,25.00606741755668,False
7CUM_CLRA1004_with_B,12.71411054590512,False
7CUM_CLRB903_with_A,12.818551376445525,False
7DDI_CLRA1111_with_C,29.61909986729941,False
9B36_CLRA1008_with_C,142.78394957813197,False
9DMT_CLRB503_with_C,37.494977759174326,False
7DDK_CLRE101_with_C,22.753594760654675,False
6L47_CLRA1002_with_B,18.81790432067974,False
7QTV_CLRA1103_with_C,31.51629626670831,False
9DXS_CLRD1001_with_A,51.7900333762107,False
7WYS_CLRC1104_with_B,24.04109988304071,False
7Y46_CLRA2106_with_B,22.84189578998339,False
7DDF_CLRG101_with_E,13.59586428781764,False
7D94_CLRD501_with_C,22.903593497673207,False
7WYS_CLRE101_with_C,24.06324320388674,False
7DDK_CLRA1104_with_B,22.04520447115339,False
7DDK_CLRC1104_with_A,22.231456871521747,False
7KY5_CLRA1702_with_B,21.403647272977096,False
9C3E_CLRG202_with_A,44.5243755320269,False
9DMT_CLRC501_with_D,60.267339868757006,False
9B36_CLRA1007_with_D,12.201553170141947,False
7Y46_CLRC2106_with_A,23.10457944509057,False
