Unnamed: 0,pdb_id,ligand_id,GNN,GAT,GCN,GNN_label,GAT_label,GCN_label,cbn_mean_score,cbn_consensus_label,cbn_is_pseudopos_or_strongpos,cbn_is_strongpos,p2r_reg_pocket_name,p2r_reg_pocket_rank,p2r_reg_distance_A,p2r_reg_pocket_probability,p2r_ft1_pocket_name,p2r_ft1_pocket_rank,p2r_ft1_distance_A,p2r_ft1_pocket_probability,p2r_ft2_pocket_name,p2r_ft2_pocket_rank,p2r_ft2_distance_A,p2r_ft2_pocket_probability,p2r_ft3_pocket_name,p2r_ft3_pocket_rank,p2r_ft3_distance_A,p2r_ft3_pocket_probability,p2r_ft4_pocket_name,p2r_ft4_pocket_rank,p2r_ft4_distance_A,p2r_ft4_pocket_probability,p2r_ft5_pocket_name,p2r_ft5_pocket_rank,p2r_ft5_distance_A,p2r_ft5_pocket_probability,found_p2rank_ft_any,found_p2rank_ft_count
0,4HQJ,CLR A1107,0.866886,0.817683,0.83797,StrongPositive,PseudoPositive,StrongPositive,0.840847,StrongPositive,True,True,pocket5,5.0,1.343511,0.557,pocket4,4.0,3.667987,0.943,pocket3,3.0,3.882474,0.954,pocket4,4.0,4.013756,0.946,pocket3,3.0,3.510405,0.939,pocket5,5.0,4.571464,0.934,True,5
1,4HQJ,CLR A1108,0.976637,0.928138,0.809533,StrongPositive,StrongPositive,PseudoPositive,0.90477,StrongPositive,True,True,pocket20,20.0,4.261544,0.176,pocket8,8.0,1.458637,0.663,not found,,,,not found,,,,pocket8,8.0,2.284947,0.629,not found,,,,True,2
2,4HQJ,CLR C1107,0.693055,0.57094,0.669875,PseudoNegative,StrongNegative,StrongNegative,0.644623,StrongNegative,False,False,pocket12,12.0,2.212152,0.323,pocket6,6.0,4.280573,0.927,pocket5,5.0,4.720347,0.952,pocket5,5.0,4.587075,0.943,pocket6,6.0,4.074041,0.921,pocket6,6.0,5.26786,0.925,True,5
3,4HQJ,CLR C1108,0.966412,0.960722,0.831008,StrongPositive,StrongPositive,PseudoPositive,0.919381,StrongPositive,True,True,pocket22,22.0,5.600522,0.162,pocket9,9.0,2.474706,0.652,pocket10,10.0,2.560437,0.633,pocket10,10.0,2.492067,0.639,pocket9,9.0,2.481645,0.567,pocket11,11.0,2.601017,0.587,True,5
4,4HQJ,CLR D400,0.776439,0.902055,0.828796,PseudoNegative,StrongPositive,PseudoPositive,0.835763,StrongPositive,True,True,not found,,,,pocket26,26.0,2.272334,0.074,pocket18,18.0,2.689298,0.121,pocket14,14.0,1.968882,0.155,pocket20,20.0,2.609004,0.081,pocket20,20.0,4.225309,0.078,True,5
5,4RET,CLR A1104,0.981482,0.859531,0.895189,StrongPositive,StrongPositive,StrongPositive,0.912067,StrongPositive,True,True,pocket3,3.0,4.140073,0.808,not found,,,,not found,,,,not found,,,,not found,,,,not found,,,,False,0
6,4RET,CLR C2004,0.974005,0.837976,0.861672,StrongPositive,StrongPositive,StrongPositive,0.891218,StrongPositive,True,True,pocket7,7.0,4.053403,0.661,not found,,,,not found,,,,not found,,,,not found,,,,not found,,,,False,0
7,4RET,CLR C2006,0.912989,0.335523,0.897132,StrongPositive,StrongNegative,StrongPositive,0.715215,PseudoNegative,False,False,pocket8,8.0,3.367336,0.635,not found,,,,not found,,,,not found,,,,not found,,,,not found,,,,False,0
8,4RET,CLR G1001,0.840943,0.337507,0.882054,StrongPositive,StrongNegative,StrongPositive,0.686835,StrongNegative,False,False,pocket13,13.0,2.141887,0.387,not found,,,,not found,,,,not found,,,,not found,,,,not found,,,,False,0
9,5OQT,CLR C101,0.684895,0.697509,0.520818,StrongNegative,PseudoNegative,StrongNegative,0.634407,StrongNegative,False,False,not found,,,,pocket7,7.0,3.802722,0.219,pocket11,11.0,2.170515,0.21,pocket7,7.0,2.861449,0.229,pocket17,17.0,1.613187,0.029,pocket13,13.0,0.771339,0.04,True,5
10,5SY1,CLR A701,0.979087,0.969745,0.861263,StrongPositive,StrongPositive,StrongPositive,0.936698,StrongPositive,True,True,not found,,,,pocket1,1.0,3.85766,0.945,not found,,,,not found,,,,not found,,,,not found,,,,True,1
11,5SY1,CLR B701,0.962276,0.979279,0.916316,StrongPositive,StrongPositive,StrongPositive,0.952624,StrongPositive,True,True,not found,,,,pocket1,1.0,3.838825,0.945,pocket43,43.0,4.622068,0.032,not found,,,,not found,,,,not found,,,,True,2
12,5WB2,CLR A1201,0.966551,0.943284,0.924077,StrongPositive,StrongPositive,StrongPositive,0.944637,StrongPositive,True,True,not found,,,,not found,,,,pocket12,12.0,4.551047,0.1,pocket12,12.0,5.362824,0.115,pocket9,9.0,5.18741,0.095,pocket12,12.0,5.024135,0.097,True,4
13,5WB2,CLR A1202,0.765356,0.892862,0.663915,PseudoNegative,StrongPositive,StrongNegative,0.774044,PseudoNegative,False,False,not found,,,,not found,,,,pocket12,12.0,4.286041,0.1,pocket12,12.0,5.154379,0.115,pocket9,9.0,5.358731,0.095,pocket12,12.0,5.183946,0.097,True,4
14,6AWN,CLR A702,0.863762,0.956715,0.89406,StrongPositive,StrongPositive,StrongPositive,0.904846,StrongPositive,True,True,not found,,,,not found,,,,not found,,,,not found,,,,not found,,,,not found,,,,False,0
15,6AWO,CLR A703,0.87136,0.889898,0.82454,StrongPositive,StrongPositive,PseudoPositive,0.861933,StrongPositive,True,True,not found,,,,not found,,,,not found,,,,not found,,,,not found,,,,not found,,,,False,0
16,6AWQ,CLR A703,0.871368,0.889908,0.82455,StrongPositive,StrongPositive,PseudoPositive,0.861942,StrongPositive,True,True,not found,,,,not found,,,,not found,,,,not found,,,,not found,,,,not found,,,,False,0
17,6JXK,CLR A1103,0.94811,0.903657,0.967085,StrongPositive,StrongPositive,StrongPositive,0.939617,StrongPositive,True,True,pocket38,38.0,5.551686,0.026,pocket6,6.0,2.553449,0.562,pocket6,6.0,2.379018,0.654,pocket8,8.0,1.543734,0.466,pocket6,6.0,1.895678,0.586,pocket7,7.0,2.979711,0.554,True,5
18,6JXK,CLR F307,0.970345,0.847112,0.948113,StrongPositive,StrongPositive,StrongPositive,0.921857,StrongPositive,True,True,pocket26,26.0,2.547553,0.075,not found,,,,not found,,,,not found,,,,not found,,,,pocket9,9.0,2.222375,0.319,True,1
19,6L47,CLR A1002,0.017159,0.263562,0.147828,StrongNegative,StrongNegative,StrongNegative,0.14285,StrongNegative,False,False,not found,,,,not found,,,,not found,,,,not found,,,,not found,,,,not found,,,,False,0
20,6L47,CLR B1002,0.019944,0.263557,0.147827,StrongNegative,StrongNegative,StrongNegative,0.143776,StrongNegative,False,False,not found,,,,not found,,,,not found,,,,not found,,,,not found,,,,not found,,,,False,0
21,6NBH,CLR R601,0.847649,0.946012,0.861591,StrongPositive,StrongPositive,StrongPositive,0.885084,StrongPositive,True,True,not found,,,,not found,,,,not found,,,,not found,,,,not found,,,,not found,,,,False,0
22,6NBH,CLR R602,0.773717,0.67202,0.757464,PseudoNegative,StrongNegative,PseudoNegative,0.7344,PseudoNegative,False,False,not found,,,,not found,,,,not found,,,,pocket19,19.0,5.510908,0.02,not found,,,,not found,,,,True,1
23,6NBH,CLR R603,0.951268,0.980936,0.874615,StrongPositive,StrongPositive,StrongPositive,0.935606,StrongPositive,True,True,not found,,,,pocket9,9.0,4.915432,0.147,pocket5,5.0,4.774462,0.194,pocket12,12.0,2.800498,0.082,pocket9,9.0,4.416975,0.145,pocket12,12.0,3.496784,0.059,True,5
24,6NBH,CLR R604,0.938257,0.694288,0.806046,StrongPositive,PseudoNegative,PseudoPositive,0.812864,PseudoPositive,True,False,not found,,,,pocket5,5.0,3.277187,0.321,not found,,,,pocket20,20.0,4.467005,0.019,pocket5,5.0,5.41902,0.276,pocket6,6.0,5.01369,0.161,True,4
25,6NBH,CLR R605,0.90887,0.885771,0.823886,StrongPositive,StrongPositive,PseudoPositive,0.872842,StrongPositive,True,True,not found,,,,not found,,,,not found,,,,pocket5,5.0,5.778178,0.3,not found,,,,pocket5,5.0,3.674713,0.187,True,2
26,6NBH,CLR R606,0.918287,0.675138,0.502427,StrongPositive,StrongNegative,StrongNegative,0.698617,PseudoNegative,False,False,not found,,,,pocket12,12.0,4.441026,0.058,pocket9,9.0,4.49791,0.115,pocket16,16.0,4.82942,0.036,pocket13,13.0,4.666871,0.06,pocket13,13.0,4.661616,0.056,True,5
27,6NBH,CLR R607,0.945866,0.904139,0.95693,StrongPositive,StrongPositive,StrongPositive,0.935645,StrongPositive,True,True,not found,,,,pocket2,2.0,2.247213,0.507,pocket3,3.0,2.536474,0.391,pocket3,3.0,2.282238,0.498,pocket3,3.0,2.304309,0.55,pocket2,2.0,2.388281,0.49,True,5
28,6QEX,CLR A1304,0.941763,0.963504,0.96818,StrongPositive,StrongPositive,StrongPositive,0.957816,StrongPositive,True,True,not found,,,,not found,,,,pocket11,11.0,3.706728,0.173,not found,,,,not found,,,,not found,,,,True,1
29,6QEX,CLR A1305,0.888612,0.504212,0.848793,StrongPositive,StrongNegative,StrongPositive,0.747206,PseudoNegative,False,False,not found,,,,not found,,,,pocket11,11.0,5.443433,0.173,not found,,,,not found,,,,not found,,,,True,1
30,6QEX,CLR A1306,0.914339,0.641471,0.799835,StrongPositive,StrongNegative,PseudoPositive,0.785215,PseudoPositive,True,False,not found,,,,pocket9,9.0,5.862945,0.463,pocket9,9.0,5.933525,0.42,pocket8,8.0,5.702305,0.284,not found,,,,not found,,,,True,3
31,6QEX,CLR A1307,0.929206,0.942905,0.869265,StrongPositive,StrongPositive,StrongPositive,0.913792,StrongPositive,True,True,not found,,,,pocket9,9.0,2.859578,0.463,pocket9,9.0,2.955662,0.42,pocket8,8.0,3.114868,0.284,pocket7,7.0,2.784339,0.439,pocket8,8.0,2.809999,0.425,True,5
32,6QEX,CLR A1308,0.946956,0.897297,0.912235,StrongPositive,StrongPositive,StrongPositive,0.918829,StrongPositive,True,True,not found,,,,not found,,,,pocket15,15.0,2.163387,0.109,pocket9,9.0,4.691322,0.274,pocket9,9.0,4.910048,0.359,pocket27,27.0,2.614027,0.035,True,4
33,6QEX,CLR A1309,0.841605,0.778839,0.817048,StrongPositive,PseudoPositive,PseudoPositive,0.812497,PseudoPositive,True,False,not found,,,,pocket6,6.0,4.850115,0.49,pocket4,4.0,5.787039,0.581,pocket6,6.0,4.473063,0.387,not found,,,,not found,,,,True,3
34,6QEX,CLR A1310,0.873025,0.957366,0.958966,StrongPositive,StrongPositive,StrongPositive,0.929786,StrongPositive,True,True,not found,,,,not found,,,,not found,,,,not found,,,,not found,,,,not found,,,,False,0
35,6QEX,CLR A1311,0.75634,0.918412,0.903586,PseudoNegative,StrongPositive,StrongPositive,0.859446,StrongPositive,True,True,not found,,,,not found,,,,not found,,,,not found,,,,not found,,,,not found,,,,False,0
36,6QEX,CLR A1312,0.929719,0.663517,0.948599,StrongPositive,StrongNegative,StrongPositive,0.847279,StrongPositive,True,True,not found,,,,not found,,,,not found,,,,not found,,,,not found,,,,not found,,,,False,0
37,6QEX,CLR A1313,0.898453,0.725808,0.970336,StrongPositive,PseudoNegative,StrongPositive,0.864866,StrongPositive,True,True,not found,,,,not found,,,,not found,,,,pocket34,34.0,3.22641,0.016,pocket26,26.0,3.832966,0.031,not found,,,,True,2
38,6QEX,CLR A1314,0.768139,0.94873,0.911099,PseudoNegative,StrongPositive,StrongPositive,0.875989,StrongPositive,True,True,not found,,,,not found,,,,pocket26,26.0,4.620743,0.031,not found,,,,not found,,,,pocket24,24.0,5.086546,0.042,True,2
39,6QEX,CLR A1315,0.928416,0.887125,0.973875,StrongPositive,StrongPositive,StrongPositive,0.929806,StrongPositive,True,True,not found,,,,pocket4,4.0,3.076943,0.646,pocket26,26.0,4.012048,0.031,pocket5,5.0,3.949462,0.557,pocket4,4.0,3.782992,0.685,pocket24,24.0,3.665734,0.042,True,5
40,6QEX,CLR A1316,0.695507,0.891064,0.862382,PseudoNegative,StrongPositive,StrongPositive,0.816318,PseudoPositive,True,False,not found,,,,not found,,,,not found,,,,not found,,,,pocket35,35.0,3.287985,0.006,not found,,,,True,1
41,6QEX,CLR A1317,0.80811,0.995833,0.957259,PseudoPositive,StrongPositive,StrongPositive,0.9204,StrongPositive,True,True,not found,,,,not found,,,,not found,,,,not found,,,,not found,,,,not found,,,,False,0
42,6QEX,CLR A1318,0.901642,0.793235,0.827024,StrongPositive,PseudoPositive,PseudoPositive,0.840633,StrongPositive,True,True,not found,,,,pocket7,7.0,5.512414,0.484,pocket23,23.0,2.933234,0.048,not found,,,,not found,,,,pocket17,17.0,2.933234,0.066,True,3
43,6QEX,CLR A1319,0.870582,0.697112,0.970032,StrongPositive,PseudoNegative,StrongPositive,0.845909,StrongPositive,True,True,not found,,,,not found,,,,pocket23,23.0,4.604811,0.048,not found,,,,pocket30,30.0,4.492587,0.024,pocket17,17.0,4.604811,0.066,True,3
44,6V35,CLR A3006,0.910189,0.896118,0.89568,StrongPositive,StrongPositive,StrongPositive,0.900662,StrongPositive,True,True,not found,,,,pocket28,28.0,2.91393,0.074,pocket33,33.0,2.136665,0.07,pocket36,36.0,2.486001,0.057,pocket27,27.0,2.463791,0.066,pocket36,36.0,2.550579,0.052,True,5
45,6V35,CLR B1110,0.910184,0.896088,0.895667,StrongPositive,StrongPositive,StrongPositive,0.900647,StrongPositive,True,True,not found,,,,pocket37,37.0,3.224003,0.042,pocket39,39.0,2.813172,0.052,pocket47,47.0,2.640571,0.034,pocket32,32.0,3.0541,0.05,pocket40,40.0,2.979256,0.044,True,5
46,6V35,CLR C1107,0.910183,0.896141,0.89568,StrongPositive,StrongPositive,StrongPositive,0.900668,StrongPositive,True,True,not found,,,,pocket29,29.0,2.914112,0.074,pocket34,34.0,2.136914,0.069,pocket35,35.0,2.486073,0.057,pocket28,28.0,2.463778,0.066,pocket34,34.0,2.381522,0.066,True,5
47,6V35,CLR D1108,0.910176,0.896136,0.895673,StrongPositive,StrongPositive,StrongPositive,0.900662,StrongPositive,True,True,not found,,,,pocket38,38.0,3.22491,0.04,pocket42,42.0,2.815372,0.05,pocket45,45.0,2.830395,0.039,pocket33,33.0,3.055266,0.049,pocket39,39.0,2.981845,0.044,True,5
48,6V35,CLR E2305,0.851372,0.956908,0.832488,StrongPositive,StrongPositive,PseudoPositive,0.880256,StrongPositive,True,True,not found,,,,not found,,,,not found,,,,not found,,,,not found,,,,not found,,,,False,0
49,6V35,CLR F2306,0.851388,0.956903,0.832486,StrongPositive,StrongPositive,PseudoPositive,0.880259,StrongPositive,True,True,not found,,,,not found,,,,not found,,,,not found,,,,not found,,,,not found,,,,False,0
