x,y,z,score
5,17,7,0.55285674
7,16,8,0.50904477
10,3,5,0.47724617
5,6,6,0.45183033
5,16,8,0.44857383
2,18,2,0.43983272
10,1,8,0.42346153
1,17,5,0.41177496
0,17,4,0.40556443
1,17,2,0.39314336
12,9,14,0.38387436
13,0,9,0.38052338
16,1,9,0.37917894
5,7,7,0.37458184
8,3,10,0.3643791
5,6,8,0.3618288
6,6,12,0.35946074
7,6,13,0.35431278
8,13,12,0.34528333
5,8,7,0.34233418
12,8,15,0.34088427
0,13,1,0.33550015
4,9,6,0.33471316
12,0,10,0.33287358
9,3,12,0.33006555
9,10,14,0.32589334
0,14,0,0.3207226
8,4,10,0.32028833
14,1,10,0.3188165
9,9,14,0.31515494
17,1,10,0.3150068
9,8,14,0.30441648
2,12,4,0.3002905
8,8,13,0.29443598
10,5,15,0.28616846
5,7,9,0.2802189
6,10,13,0.27933276
19,2,11,0.26705575
4,10,7,0.2580522
8,12,11,0.25524855
10,11,11,0.2498622
18,1,11,0.24764487
4,11,8,0.213295
5,9,9,0.20700048
5,10,9,0.17039129
14,2,14,0.10806994
14,2,15,0.088678956
15,3,16,0.087414645
16,3,16,0.08086928
16,1,14,0.06223128
18,2,14,0.053893466
17,2,15,0.035235148
